"","cover","elev","tci","streamdist","disturb","beers"
"1",6,896.1,4.70563602,197,"CORPLOG",1.99068034
"2",7,947.3,4.44743681,125.3,"CORPLOG",0.81673408
"3",5,1027,6.14916992,174.6,"CORPLOG",0.58607817
"4",7,450.2,4.1337719,202.5,"LT-SEL",0.86011082
"5",5,477,5.58730984,134.2,"LT-SEL",0.10092436
"6",4,461.8,4.41563416,31.62,"LT-SEL",1.43245673
"7",0,646.7,5.14371109,530.8,"CORPLOG",0.40140387
"8",2,678,4.21500111,600.8,"CORPLOG",1.99559414
"9",7,1200,4.5200429,346.6,"VIRGIN",1.99930537
"10",4,1449,5.70981312,322,"LT-SEL",1.99998701
"11",0,610.2,8.73598862,254.6,"SETTLE",0.42982221
"12",0,682.7,4.47473812,172,"SETTLE",0.25955153
"13",0,1006,5.95048809,136,"LT-SEL",1.88872349
"14",0,1007,8.11334801,133.4,"LT-SEL",1.98267138
"15",0,1063,6.88215303,257.1,"LT-SEL",1.99831915
"16",0,941,5.09763908,102,"CORPLOG",1.84748435
"17",0,927.7,4.958004,80,"CORPLOG",1.74956059
"18",7,1129,6.77596188,80.62,"CORPLOG",0.01942914
"19",6,1017,4.82752705,42.43,"CORPLOG",0.24661149
"20",0,1660,5.70145988,490.9,"CORPLOG",0.22442864
"21",0,1522,8.226861,567.3,"CORPLOG",0.00438594
"22",0,1287,5.35516787,64.03,"CORPLOG",0.81944621
"23",0,1291,4.87624788,86.02,"CORPLOG",1.56162584
"24",6,834.8,5.75439501,10,"CORPLOG",1.60255289
"25",1,973.4,5.45339489,142.1,"CORPLOG",0.4985916
"26",1,1063,6.0072298,60,"CORPLOG",1.72396672
"27",6,1551,5.76492786,360.6,"CORPLOG",0.05591101
"28",0,1536,5.75886917,80.62,"CORPLOG",0.70312285
"29",1,1502,4.5799408,375.4,"CORPLOG",0.28308967
"30",0,1435,6.31638908,396.6,"CORPLOG",0.3883684
"31",1,1027,4.94206715,256.3,"CORPLOG",1.30331194
"32",6,675.7,5.40663099,84.85,"SETTLE",0.04508607
"33",0,1891,5.37241793,545.7,"LT-SEL",1.14330769
"34",5,955.5,4.37540388,58.31,"VIRGIN",1.19820857
"35",6,1482,6.4509058,60.83,"CORPLOG",0.10309329
"36",5,1365,4.45513821,240.4,"LT-SEL",0.92457604
"37",6,1285,5.25707102,197.2,"LT-SEL",1.25214386
"38",0,1443,5.16330814,312.4,"VIRGIN",1.81036782
"39",6,500.4,6.98623323,98.49,"SETTLE",1.98559523
"40",7,628.2,5.58941603,20,"CORPLOG",1.982849
"41",0,815.6,3.75619507,167.6,"SETTLE",0.04038979
"42",0,614.4,5.70389414,42.43,"SETTLE",0.03799262
"43",0,591.9,14.63,0,"SETTLE",0.03992888
"44",6,1047,4.25630522,202.5,"LT-SEL",0.84465969
"45",1,651.6,4.41726112,170,"SETTLE",0.44079173
"46",1,696.7,5.15074778,178.9,"SETTLE",0.32549918
"47",1,634.2,6.2772212,341.8,"SETTLE",0.01847941
"48",4,837.5,8.50003433,0,"LT-SEL",0.33468109
"49",0,903.1,7.21074915,36.06,"LT-SEL",1.99985611
"50",0,1444,4.96249819,339.4,"CORPLOG",1.62228382
"51",7,1409,4.07326698,240.4,"CORPLOG",0.70675302
"52",0,1207,5.55254078,488.4,"CORPLOG",0.00103734
"53",0,1712,3.82358599,454,"VIRGIN",0.83408785
"54",0,1722,3.89376211,453.4,"LT-SEL",1.33325863
"55",0,1640,3.74303794,554.4,"LT-SEL",1.97517288
"56",0,1754,3.14552689,492.5,"SETTLE",1.47124839
"57",0,1645,5.93481588,230,"LT-SEL",0.10068644
"58",6,686.7,4.4099679,36.06,"SETTLE",1.7051053
"59",0,627.1,7.26412916,141.4,"SETTLE",0.06010094
"60",0,587.5,4.28537798,140.4,"SETTLE",1.99969959
"61",0,584.8,5.35235596,110,"SETTLE",1.69064462
"62",0,558.5,9.47808075,10,"SETTLE",0.27322975
"63",0,561,6.0435648,58.31,"SETTLE",0.00982584
"64",0,695.8,4.80601501,80,"SETTLE",0.19846542
"65",6,1404,6.86415911,368.8,"CORPLOG",1.35280645
"66",0,550.8,4.98604107,374.8,"CORPLOG",0.80103254
"67",4,389.4,4.83746576,206.2,"LT-SEL",0.62067944
"68",3,632.1,5.08814096,165.5,"SETTLE",0.21298036
"69",0,1673,5.21011114,340,"VIRGIN",0.0210281
"70",2,1317,6.85952902,340.1,"LT-SEL",1.76574755
"71",1,1410,6.04432487,310.6,"LT-SEL",1.97233117
"72",2,1015,5.6513648,377,"LT-SEL",1.95271218
"73",8,1051,6.98951197,367.7,"VIRGIN",1.84160626
"74",2,1338,5.37122917,353.8,"VIRGIN",1.99989367
"75",7,1176,5.66973686,250,"LT-SEL",1.13292134
"76",6,1067,5.37263489,377.4,"VIRGIN",0.86190045
"77",6,791.4,5.20167923,158.1,"LT-SEL",1.53286242
"78",2,768.7,5.03861618,41.23,"LT-SEL",1.05862534
"79",2,828.9,4.77252579,180.3,"VIRGIN",0.38256145
"80",5,885.6,5.9630332,247,"VIRGIN",0.1500562
"81",5,879.5,5.9129591,325.3,"VIRGIN",1.99690104
"82",8,760.3,4.44317198,214.7,"LT-SEL",1.91494739
"83",6,824.4,4.93527794,268.3,"LT-SEL",1.99971688
"84",7,732,5.14127302,114,"LT-SEL",0.21150754
"85",6,716.2,5.72402906,85.44,"LT-SEL",0.22148336
"86",2,921.1,10.64,36.06,"LT-SEL",1.30161154
"87",7,1164,5.35513592,322,"LT-SEL",1.15807784
"88",6,877.2,4.17201519,76.16,"SETTLE",0.10079743
"89",2,1279,4.63039398,10,"LT-SEL",1.55018473
"90",0,1331,4.29201508,347.1,"CORPLOG",1.56804955
"91",2,869.1,6.01650381,400.5,"CORPLOG",1.33280563
"92",8,746.2,3.34025192,141.4,"CORPLOG",0.56759202
"93",1,1341,6.82645702,230.9,"CORPLOG",0.61220247
"94",5,1327,4.67902899,148.7,"CORPLOG",1.77732527
"95",4,1401,3.72033095,261.7,"CORPLOG",0.87426198
"96",6,1015,7.2793231,10,"CORPLOG",1.74708641
"97",2,1218,6.22200108,322,"CORPLOG",0.85756344
"98",2,1213,4.18668318,335.4,"CORPLOG",1.99994481
"99",6,866.8,4.58699608,223.6,"CORPLOG",1.96057272
"100",3,870.8,11.76,36.06,"CORPLOG",1.95062649
"101",6,1229,4.56738806,518.7,"CORPLOG",1.99998355
"102",3,805.8,5.8314662,350,"LT-SEL",1.72286224
"103",3,805.8,5.8314662,350,"LT-SEL",1.72286224
"104",5,892.9,5.68822098,30,"LT-SEL",1.16020334
"105",5,855.4,6.82961988,164.9,"LT-SEL",0.41322583
"106",3,767.1,5.01883984,330.2,"LT-SEL",0.62745482
"107",4,720.3,4.08203411,98.99,"LT-SEL",1.32238007
"108",5,725.9,6.59966707,136,"CORPLOG",0.00787043
"109",0,1570,11.85,0,"LT-SEL",0.4961189
"110",6,859.1,4.89706898,130,"CORPLOG",0.28759128
"111",7,932.6,4.16547394,334.2,"LT-SEL",0.31273425
"112",6,670.9,4.81561184,63.25,"SETTLE",0.25890195
"113",5,741,4.35483885,327.6,"LT-SEL",0.09755319
"114",0,1037,8.91433907,84.85,"LT-SEL",0.55043918
"115",7,665.5,4.77475882,194.2,"SETTLE",1.9732815
"116",4,728,3.507025,98.49,"SETTLE",1.44477355
"117",3,885.7,6.54796314,50,"CORPLOG",1.57556069
"118",7,639.7,4.60362005,219.3,"CORPLOG",0.43321049
"119",7,607.9,4.88558483,176.9,"CORPLOG",0.69500518
"120",4,884,13.27,10,"CORPLOG",0.01004305
"121",4,670.6,25,92.2,"SETTLE",1.49149537
"122",5,947.2,5.95981312,131.5,"VIRGIN",0.25928655
"123",0,1445,3.88341689,563.6,"VIRGIN",0.05264604
"124",4,494.2,12.26,0,"LT-SEL",1.49660313
"125",4,645.2,8.72260094,85.44,"SETTLE",0.94426298
"126",0,534.9,4.13403893,40,"CORPLOG",1.1983012
"127",4,677,4.49968719,287.9,"LT-SEL",1.98295093
"128",6,859,5.11756897,102,"LT-SEL",0.11043619
"129",4,869,3.96050692,100,"CORPLOG",0.4183189
"130",4,1032,4.85315895,183.8,"CORPLOG",1.97692657
"131",0,867.5,5.06390095,58.31,"CORPLOG",1.21891582
"132",6,1340,6.41765499,490.1,"CORPLOG",0.90383738
"133",4,717.7,6.16744995,107.7,"CORPLOG",0.07341928
"134",5,732.3,4.30205011,22.36,"LT-SEL",1.48643851
"135",4,1190,4.8611598,103,"VIRGIN",1.08014762
"136",0,1161,5.02695179,130,"VIRGIN",1.43409467
"137",4,1183,4.84606981,60,"VIRGIN",0.94372642
"138",4,1313,5.34805107,169.7,"VIRGIN",1.18142962
"139",5,1217,6.42335892,30,"CORPLOG",1.33937502
"140",0,1047,5.12619495,452.2,"VIRGIN",1.99847972
"141",4,1292,5.22598886,152.3,"VIRGIN",1.25728369
"142",0,939.6,3.72890592,92.2,"SETTLE",1.33808827
"143",4,1328,3.49296904,534.5,"LT-SEL",1.73625684
"144",6,830.2,4.43833685,20,"SETTLE",1.44655585
"145",4,1192,7.23307896,10,"VIRGIN",0.04236537
"146",2,970.7,6.1395359,50.99,"VIRGIN",1.89808238
"147",6,919.5,6.20673513,50,"SETTLE",1.07908046
"148",2,908.9,6.57194281,94.34,"LT-SEL",1.9892292
"149",7,1054,5.7054162,165.5,"LT-SEL",1.80152321
"150",6,920.4,4.13903999,142.1,"SETTLE",1.14454198
"151",2,1145,5.12563515,152.3,"VIRGIN",0.26586017
"152",2,1234,5.29963684,281.6,"VIRGIN",0.99495459
"153",7,917.7,4.81174707,136,"VIRGIN",1.04708278
"154",7,1121,5.36382103,281.6,"LT-SEL",1.03253949
"155",6,1134,5.10715389,64.03,"VIRGIN",1.64530134
"156",1,1019,5.61283112,476.3,"VIRGIN",1.99964607
"157",6,1214,5.45581198,169.7,"LT-SEL",1.99819815
"158",2,1447,4.44888878,89.44,"VIRGIN",1.07812107
"159",6,905.8,8.82238483,20,"LT-SEL",0.29943642
"160",2,1015,6.66399097,255,"SETTLE",0.05800001
"161",6,866.8,4.24502897,20,"VIRGIN",1.68929851
"162",2,1318,4.82635307,198,"VIRGIN",1.98695123
"163",2,1267,5.57712603,44.72,"VIRGIN",1.31413603
"164",7,1181,9.44544983,10,"VIRGIN",0.00020564
"165",7,1487,3.95891809,262.5,"CORPLOG",1.49446619
"166",2,918.3,4.41510916,76.16,"SETTLE",0.95874566
"167",6,988.4,8.58088684,36.06,"VIRGIN",1.43431389
"168",2,939.3,5.4027791,134.5,"SETTLE",1.46014357
"169",2,1206,4.76958799,10,"LT-SEL",1.95786643
"170",4,980.5,4.8444171,63.25,"VIRGIN",1.66897535
"171",2,952.8,7.43198395,36.06,"VIRGIN",1.81553626
"172",2,882.3,5.15354681,50,"LT-SEL",0.36615214
"173",2,1113,3.4010179,84.85,"VIRGIN",1.94633472
"174",0,1504,4.49612808,218.4,"VIRGIN",1.97598147
"175",2,847,6.38500595,50,"LT-SEL",0.80605716
"176",4,834.5,5.5891118,22.36,"LT-SEL",1.9692086
"177",0,1313,7.65364122,31.62,"VIRGIN",0.5550251
"178",0,1310,5.38711596,141.4,"VIRGIN",1.42787206
"179",4,859.8,6.00051403,89.44,"LT-SEL",0.8724767
"180",2,1185,4.73946524,264,"LT-SEL",1.86984003
"181",2,1533,4.52862883,337.3,"VIRGIN",0.65501821
"182",5,910,5.95543623,14.14,"SETTLE",0.57244837
"183",2,859.5,7.11973906,104.4,"LT-SEL",1.06107688
"184",5,801.3,7.50090694,41.23,"SETTLE",1.99556172
"185",4,793.7,10.53,0,"SETTLE",1.68462086
"186",5,802.3,6.070086,90.55,"SETTLE",0.3981379
"187",8,1072,11.15,10,"SETTLE",0.53707433
"188",2,1504,4.37374115,237.1,"VIRGIN",1.65584207
"189",5,628.4,3.91855192,120.4,"LT-SEL",0.04478073
"190",5,551.7,7.12312412,14.14,"LT-SEL",0.96440923
"191",6,683.7,4.15644693,22.36,"LT-SEL",1.9521364
"192",5,444.2,4.41574621,28.28,"LT-SEL",0.16297245
"193",5,437.7,6.78083277,0,"LT-SEL",1.79770136
"194",6,613.5,3.636199,272,"LT-SEL",1.7864604
"195",6,595.6,4.46126795,250.8,"LT-SEL",0.97821885
"196",6,584,4.80739689,108.2,"LT-SEL",1.51250339
"197",6,598.8,4.82904005,210.2,"LT-SEL",0.72464001
"198",4,606.2,3.7613709,252.4,"LT-SEL",0.05484751
"199",0,848.2,5.35887814,336.2,"LT-SEL",1.92619395
"200",1,917.5,5.20643902,353.8,"LT-SEL",0.81792277
"201",4,941,4.39282799,320.6,"LT-SEL",1.68158853
"202",5,919.9,5.05614424,156.5,"LT-SEL",0.75687164
"203",6,883.4,5.40982389,108.2,"LT-SEL",1.37579525
"204",0,727.2,3.44712996,290.7,"LT-SEL",0.69633603
"205",0,722.2,4.19182587,317.8,"LT-SEL",0.97701114
"206",4,727,3.16103697,250.8,"LT-SEL",1.41699612
"207",8,625.5,4.68501806,63.25,"LT-SEL",0.0068528
"208",7,613.4,4.98365498,36.06,"LT-SEL",1.85831022
"209",1,510.3,8.76585293,312.6,"LT-SEL",1.50207818
"210",6,457.3,9.2308197,28.28,"LT-SEL",1.1679101
"211",4,717.4,4.51472521,460,"LT-SEL",1.14009523
"212",4,706,4.35608196,390.5,"LT-SEL",0.16328752
"213",2,794,3.75529408,360.6,"LT-SEL",1.98356032
"214",4,758.6,4.72222519,63.25,"LT-SEL",1.08114648
"215",3,503.2,4.64458084,355.1,"CORPLOG",0.72824824
"216",6,817.5,8.70455647,465.3,"LT-SEL",0.81304598
"217",6,840.3,7.90501118,408,"LT-SEL",1.70904732
"218",5,544.6,8.5399971,160,"LT-SEL",1.12592888
"219",5,568.9,10.67,250.8,"LT-SEL",1.20157778
"220",4,678.1,5.25798607,214,"LT-SEL",0.0947428
"221",6,581.1,4.57624388,64.03,"LT-SEL",1.7887274
"222",5,582.7,6.23814106,176.9,"LT-SEL",0.34974054
"223",2,590,4.69755602,474.3,"CORPLOG",0.84226847
"224",1,571.5,5.10388613,266.8,"CORPLOG",0.3876434
"225",4,681.4,4.70516014,506,"LT-SEL",0.88299614
"226",4,670.8,4.5713501,462.4,"LT-SEL",0.64879811
"227",2,698.4,3.85004401,197,"LT-SEL",0.43965831
"228",2,716.1,4.26419878,240.4,"LT-SEL",0.10218436
"229",5,709.6,3.68539906,235.4,"LT-SEL",1.06184423
"230",5,676.1,5.47057295,200,"LT-SEL",1.1176964
"231",4,661.4,4.68295383,127.3,"LT-SEL",1.97888565
"232",5,610.7,4.52831793,277.3,"LT-SEL",0.00162463
"233",4,637.3,4.85419703,300.8,"LT-SEL",0.02940879
"234",6,614.4,5.13394117,186,"LT-SEL",1.19817114
"235",6,584.3,6.47289991,85.44,"LT-SEL",1.77505493
"236",4,574.8,4.37171078,0,"LT-SEL",1.66967678
"237",6,607.8,5.16231585,28.28,"LT-SEL",0.57169908
"238",6,592.6,5.35637188,31.62,"LT-SEL",0.31793281
"239",6,565.1,5.09103489,50,"LT-SEL",0.76325756
"240",4,481.8,4.45236206,14.14,"LT-SEL",1.9872098
"241",6,603,6.0051198,36.06,"LT-SEL",0.41018903
"242",6,614.6,5.21767616,382.1,"LT-SEL",1.82649243
"243",6,669.3,9.71498203,378.5,"LT-SEL",1.50664282
"244",6,691.1,5.42046499,317.6,"LT-SEL",1.38211691
"245",6,611.7,10.24,197.2,"LT-SEL",0.00886668
"246",6,690.8,4.80152607,230,"LT-SEL",0.52077001
"247",6,650.8,3.88353205,386.4,"LT-SEL",1.94824541
"248",5,663.5,4.75779009,383.3,"LT-SEL",1.99991763
"249",6,673.2,5.40900183,520.1,"LT-SEL",1.75601733
"250",6,680.2,4.7884531,460,"LT-SEL",0.00010672
"251",6,676.8,3.841851,237.1,"LT-SEL",1.47897458
"252",6,760.6,5.57019711,255,"LT-SEL",0.94494045
"253",7,750.6,7.00905085,301.5,"LT-SEL",0.12922165
"254",6,659.7,7.15281677,10,"LT-SEL",1.83896255
"255",6,751.5,5.0061202,219.3,"LT-SEL",1.67205107
"256",5,752.9,4.58780289,205.2,"LT-SEL",0.03474157
"257",6,731.2,4.71225786,169.7,"LT-SEL",0.04445076
"258",4,514.3,3.77509809,150,"LT-SEL",1.48247421
"259",6,446.6,4.69749117,50,"LT-SEL",1.50944912
"260",5,518.3,4.35624313,220,"LT-SEL",0.6318047
"261",5,552.7,8.75770378,161.2,"LT-SEL",0.1227034
"262",1,413.1,6.75950623,10,"LT-SEL",1.86838758
"263",1,443.3,8.6936121,10,"LT-SEL",0.42805532
"264",6,478.2,5.47542715,100.5,"LT-SEL",0.44149759
"265",5,339.8,5.53444195,50,"LT-SEL",1.30991566
"266",5,351,5.04492712,92.2,"LT-SEL",1.98913229
"267",5,326.3,6.51829004,40,"LT-SEL",1.96703136
"268",5,362.6,4.59075308,31.62,"LT-SEL",0.01060447
"269",4,368.7,4.95879889,127.3,"LT-SEL",0.24951959
"270",5,379.4,4.40113401,64.03,"LT-SEL",0.0154725
"271",6,564.8,5.63021421,138.9,"LT-SEL",1.24359202
"272",6,605.9,3.48094106,130.4,"LT-SEL",1.99760628
"273",6,603.3,3.52819395,247.6,"LT-SEL",1.67021656
"274",6,574.5,4.40125084,205.2,"LT-SEL",1.633129
"275",5,594.8,5.8831768,278.9,"LT-SEL",1.45682681
"276",2,592.6,4.91427422,100,"LT-SEL",1.35003245
"277",7,573.9,3.8970089,200,"LT-SEL",0.84790725
"278",8,562.8,5.2535038,620.1,"LT-SEL",0.89792567
"279",6,561.5,3.56035495,667.1,"LT-SEL",0.38941371
"280",4,662.6,4.68487406,466.9,"LT-SEL",0.30797628
"281",5,601.9,4.73188114,332.4,"LT-SEL",1.94799662
"282",4,611.9,3.47198105,150,"LT-SEL",0.13187182
"283",5,340.8,8.63799095,72.11,"LT-SEL",0.2041461
"284",8,381,9.631917,120.4,"LT-SEL",0.5425055
"285",6,362.4,6.63645792,85.44,"LT-SEL",0.19415538
"286",5,352.1,4.38337517,128.1,"LT-SEL",0.13132447
"287",9,526.4,8.25389004,223.6,"SETTLE",0.46192941
"288",9,565.3,3.60729504,560.4,"SETTLE",0.01103224
"289",5,615.2,4.56351614,503.3,"CORPLOG",0.58080691
"290",1,578.2,8.48253059,457.9,"CORPLOG",0.35673663
"291",0,566.9,4.40872002,456.2,"CORPLOG",1.15643048
"292",7,376.4,12.55,20,"CORPLOG",0.61370921
"293",6,407.6,5.54437208,170.3,"CORPLOG",0.72769904
"294",9,403.2,5.53664684,128.1,"CORPLOG",1.21641386
"295",2,389.1,8.76318359,30,"CORPLOG",1.17887866
"296",9,444.3,7.50882721,0,"CORPLOG",1.57979429
"297",8,301.6,5.40006924,957.5,"LT-SEL",0.81457144
"298",8,414,8.91287422,72.11,"CORPLOG",1.10765398
"299",9,266.7,9.18743038,645.6,"LT-SEL",0.99610078
"300",9,294,4.97123289,553.6,"LT-SEL",1.23914731
"301",4,283.6,7.5401268,234.1,"LT-SEL",1.94689631
"302",6,542,6.92999887,432.7,"SETTLE",0.24556172
"303",9,544.1,5.79644585,502.2,"SETTLE",1.52776837
"304",4,541.4,7.01022387,466.5,"SETTLE",0.08437267
"305",5,544.1,6.66943598,398.2,"SETTLE",1.41355217
"306",2,550.7,5.81284523,141.4,"SETTLE",1.50991607
"307",4,557.6,10.21,10,"SETTLE",0.03650986
"308",5,547.5,8.6886034,310.2,"SETTLE",0.17736255
"309",6,544.6,7.94175386,165.5,"SETTLE",0.02136434
"310",6,560.7,9.52658463,14.14,"SETTLE",0.02793757
"311",2,574.9,6.78551006,10,"SETTLE",0.20727427
"312",4,572.8,7.62810993,22.36,"SETTLE",0.03176557
"313",4,734.6,7.93976402,162.8,"LT-SEL",0.00156734
"314",9,575.9,8.24578762,100,"SETTLE",0.9884721
"315",8,686.2,4.92977715,161.2,"LT-SEL",1.99187672
"316",6,655.2,10.57,120,"LT-SEL",0.89269853
"317",4,541.9,7.33280897,0,"LT-SEL",1.96483958
"318",8,612.6,25,14.14,"LT-SEL",1.55678284
"319",9,639.4,5.7957592,84.85,"LT-SEL",0.00145035
"320",5,587.1,6.15322685,89.44,"SETTLE",1.29886603
"321",7,585.7,5.99898481,145.6,"SETTLE",1.93316519
"322",6,561.2,7.04439116,67.08,"SETTLE",1.99568403
"323",8,533,7.59922695,281.6,"CORPLOG",0.04021897
"324",3,564.6,5.26179314,150,"SETTLE",0.18374863
"325",4,564.9,5.35143995,63.25,"SETTLE",0.12554877
"326",4,729.3,11.95,10,"LT-SEL",1.18634629
"327",0,1206,8.59319401,92.2,"VIRGIN",1.52297461
"328",4,1198,5.05267286,320,"VIRGIN",0.51815426
"329",0,1320,6.28242493,340.1,"LT-SEL",1.9509455
"330",0,1410,6.15304184,297,"LT-SEL",1.79985917
"331",8,1069,4.48374319,460,"LT-SEL",0.98173082
"332",4,1016,5.26976299,371.1,"LT-SEL",1.89836729
"333",6,835,12.85,20,"LT-SEL",1.24775505
"334",6,1206,5.73453093,270,"VIRGIN",1.9943167
"335",6,1160,5.17023802,406.1,"VIRGIN",0.41092247
"336",9,1045,4.4259181,468.6,"LT-SEL",1.76033938
"337",5,847,13.13,14.14,"LT-SEL",0.98592901
"338",2,1051,13.25,36.06,"VIRGIN",0.68460089
"339",10,1023,8.08509541,322,"VIRGIN",1.59904301
"340",6,871,4.15861702,111.8,"LT-SEL",1.62318277
"341",4,1342,4.98367977,368.8,"LT-SEL",1.98102522
"342",10,1192,5.13333893,148.7,"LT-SEL",1.13526225
"343",7,1020,7.13305187,668.5,"LT-SEL",0.76673138
"344",9,1054,4.84549713,341.3,"VIRGIN",1.03278947
"345",6,890.1,5.04505777,323.1,"LT-SEL",0.35970154
"346",6,873.4,4.89006901,360.1,"LT-SEL",0.68368012
"347",5,557.9,7.67933702,31.62,"SETTLE",0.15679471
"348",8,564.4,5.86814404,127.3,"SETTLE",0.00039218
"349",4,523.8,7.68058014,170,"SETTLE",0.10889467
"350",4,521,8.10571766,40,"SETTLE",0.42098105
"351",9,800.8,5.00502396,182.5,"LT-SEL",1.83901954
"352",6,765.8,14.86,28.28,"LT-SEL",1.17353928
"353",6,801.9,6.44111204,30,"LT-SEL",1.82316864
"354",7,919.4,5.90393496,522,"LT-SEL",1.31757283
"355",2,922.1,8.26660347,398.1,"LT-SEL",1.91975427
"356",4,826.9,9.59527683,182.5,"VIRGIN",0.11288474
"357",9,878.1,4.22118807,269.3,"VIRGIN",0.13745199
"358",5,856.9,5.56587315,274.6,"VIRGIN",0.30356991
"359",9,878.6,6.75739098,332.4,"VIRGIN",1.46386683
"360",9,760.3,4.44317198,214.7,"LT-SEL",1.91494739
"361",9,825.1,4.45061207,282.3,"LT-SEL",1.53021932
"362",4,752.1,5.68210793,138.9,"LT-SEL",1.65333867
"363",2,824.8,5.79534483,276.6,"LT-SEL",1.82273567
"364",2,695.6,6.24271822,50,"LT-SEL",0.1771037
"365",9,724,4.81555891,72.11,"LT-SEL",0.03945449
"366",8,691.6,6.29905796,31.62,"LT-SEL",0.33384511
"367",2,923.3,8.2226429,36.06,"LT-SEL",1.63545263
"368",2,989.1,5.10037804,41.23,"VIRGIN",1.54630566
"369",5,981,4.91572905,310,"LT-SEL",1.92202568
"370",6,1047,4.76592207,344.8,"LT-SEL",1.94910014
"371",7,867.9,5.78856421,131.5,"LT-SEL",0.53635287
"372",5,973.9,3.94396496,319.1,"VIRGIN",1.76937187
"373",6,915.3,4.63796282,171.2,"LT-SEL",0.78173882
"374",7,1033,4.89828014,278.6,"VIRGIN",0.26273644
"375",7,1051,3.08675504,491.6,"LT-SEL",1.2250576
"376",6,1005,4.36587381,457.1,"LT-SEL",1.99468899
"377",6,1157,5.75363302,444.1,"LT-SEL",1.46871626
"378",9,1165,5.27576399,331.1,"LT-SEL",1.08037329
"379",6,1283,4.98792124,673.6,"VIRGIN",1.97966194
"380",9,1028,4.96405697,348.3,"LT-SEL",1.30823386
"381",0,1275,4.13609505,651.9,"LT-SEL",1.96844995
"382",0,1007,5.69545317,500,"LT-SEL",1.952703
"383",0,1393,6.08504391,76.16,"CORPLOG",0.29393318
"384",0,1286,4.80725813,10,"LT-SEL",1.67781508
"385",0,1396,8.39704895,78.1,"LT-SEL",1.32250762
"386",0,1284,5.14679289,89.44,"LT-SEL",1.53657448
"387",5,1320,5.52011299,530,"LT-SEL",0.963054
"388",7,1279,5.06663322,414.4,"LT-SEL",1.39586651
"389",2,1159,5.15753603,10,"LT-SEL",1.95637286
"390",1,1465,6.14551592,418.7,"LT-SEL",0.95668566
"391",0,1460,5.9261899,192.4,"LT-SEL",1.6067884
"392",0,1476,5.97225285,241.7,"LT-SEL",1.46226454
"393",5,1333,5.41245985,376.4,"LT-SEL",1.9929235
"394",0,1285,4.06960106,359,"CORPLOG",0.24998972
"395",4,1344,3.04050398,398.2,"CORPLOG",1.58515894
"396",4,1355,4.00562286,222,"CORPLOG",1.83770108
"397",2,1452,4.950315,537.6,"LT-SEL",1.95199656
"398",0,1437,6.04887581,639.8,"LT-SEL",1.99647951
"399",6,1354,4.79413795,800.1,"VIRGIN",1.7581048
"400",1,1484,4.34440899,431.4,"LT-SEL",1.06843638
"401",0,1355,5.36137199,575.6,"VIRGIN",1.95467317
"402",0,1350,5.47129107,701.1,"VIRGIN",1.92324829
"403",7,795.7,4.36413383,161.2,"VIRGIN",1.10318363
"404",6,837.6,4.87984896,196.5,"VIRGIN",0.72863096
"405",7,980.8,5.23787689,103,"VIRGIN",0.0200501
"406",7,975.6,5.42997122,225.6,"VIRGIN",0.01604473
"407",6,1085,4.38513994,250.8,"VIRGIN",0.0084945
"408",6,1083,3.96842194,350,"VIRGIN",0.02346547
"409",7,895.5,4.55552483,266.8,"VIRGIN",0.1705413
"410",6,1032,4.56351089,230.9,"VIRGIN",0.23542055
"411",7,1045,4.07218313,165.5,"VIRGIN",1.50721908
"412",2,661,4.78554678,14.14,"LT-SEL",1.99999857
"413",6,1208,4.45285082,323.1,"VIRGIN",0.69308567
"414",4,1194,5.44546223,262.5,"VIRGIN",1.3294394
"415",8,1270,4.32390404,378.5,"LT-SEL",1.34111524
"416",3,1145,5.5572629,70.71,"VIRGIN",1.75546396
"417",7,1026,4.5679822,222,"VIRGIN",1.75454366
"418",7,1094,4.97013807,339.4,"VIRGIN",1.48460436
"419",4,787.8,6.21430588,50,"LT-SEL",0.71642709
"420",6,634.4,5.45497513,41.23,"LT-SEL",0.0287911
"421",9,548.5,8.74050331,28.28,"SETTLE",0.06029712
"422",4,739.9,12.91,20,"LT-SEL",0.65608776
"423",3,1039,9.18652821,298.3,"CORPLOG",1.81349933
"424",4,869.1,6.01650381,400.5,"CORPLOG",1.33280563
"425",10,747.2,3.0670929,134.5,"CORPLOG",1.30697095
"426",4,875.6,6.09805298,70,"CORPLOG",0.677715
"427",5,727.5,13.56,41.23,"CORPLOG",0.86472756
"428",0,1341,6.82645702,230.9,"CORPLOG",0.61220247
"429",9,1335,3.81137395,158.1,"CORPLOG",1.80038536
"430",7,1403,3.42729807,254.6,"CORPLOG",1.728374
"431",8,1344,3.40493608,250.6,"CORPLOG",1.8655895
"432",6,1016,10.74,14.14,"CORPLOG",1.62306941
"433",0,1520,3.62438703,301.5,"CORPLOG",1.98223197
"434",0,1508,3.59711194,219.3,"CORPLOG",1.90634775
"435",7,1509,4.5936408,254.6,"CORPLOG",0.0418757
"436",9,1228,4.54504824,523.5,"CORPLOG",1.99916589
"437",6,1339,5.49803591,64.03,"CORPLOG",0.12537469
"438",3,1332,7.36016607,36.06,"CORPLOG",1.68321311
"439",6,1061,4.80102015,380.8,"CORPLOG",0.7448265
"440",4,1069,11,518.7,"CORPLOG",0.35785863
"441",7,841.6,4.63745403,192.4,"CORPLOG",0.00593386
"442",1,830.7,6.80383396,243.5,"CORPLOG",1.59919667
"443",3,1218,6.12011099,328,"CORPLOG",0.30034104
"444",2,1307,6.19980478,117,"CORPLOG",1.88834548
"445",2,1184,7.96979904,233.2,"CORPLOG",1.99014974
"446",4,1244,3.77997994,304.1,"CORPLOG",0.21873197
"447",6,1210,4.27599001,340,"CORPLOG",1.99066961
"448",5,1039,3.77942109,85.44,"CORPLOG",1.9984864
"449",4,837.1,4.84279108,30,"CORPLOG",1.64344513
"450",9,871.1,4.23926306,228.3,"CORPLOG",1.97626412
"451",0,872.5,5.4088521,28.28,"CORPLOG",1.75887847
"452",0,1788,8.19665146,340.1,"VIRGIN",0.64475149
"453",2,550.8,2.60996795,60.83,"SETTLE",1.02197504
"454",2,557.7,9.8948946,0,"SETTLE",0.0027586
"455",4,634.5,5.45645189,458.9,"SETTLE",1.30617785
"456",3,653.8,3.71827412,304.1,"CORPLOG",0.96199751
"457",4,615.5,5.21226883,325.3,"CORPLOG",1.4105072
"458",4,635.6,3.92656112,580.1,"LT-SEL",1.29184175
"459",4,629.6,3.24016094,744.6,"LT-SEL",1.54054296
"460",4,513.9,4.11865282,50,"LT-SEL",0.77013725
"461",4,592.9,4.94061089,715.1,"LT-SEL",1.43221831
"462",5,546.8,5.28576708,568.6,"LT-SEL",0.4036507
"463",4,568.2,5.091959,491.9,"LT-SEL",0.28753668
"464",4,500.6,5.073699,53.85,"LT-SEL",1.96930933
"465",7,523.9,5.99377823,120.4,"LT-SEL",1.93434393
"466",6,531.5,5.92860079,70,"LT-SEL",1.78323567
"467",0,513.4,4.8626132,111.8,"LT-SEL",1.99712551
"468",4,523.9,5.99377823,120.4,"LT-SEL",1.93434393
"469",4,497.5,3.93254805,78.1,"LT-SEL",1.99414933
"470",4,584.3,4.62709618,166.4,"LT-SEL",0.01241237
"471",0,1918,5.62233591,526.3,"VIRGIN",1.44500017
"472",0,1888,5.75559282,836.5,"VIRGIN",1.26651835
"473",0,1986,3.81454206,523.5,"VIRGIN",1.95193851
"474",0,1914,5.89898396,829.3,"VIRGIN",1.24210036
"475",0,1942,4.70868015,460.1,"VIRGIN",1.86987484
"476",0,1956,4.23310614,471.7,"VIRGIN",0.27363729
"477",0,1788,8.19665146,340.1,"VIRGIN",0.64475149
"478",4,535.6,11.23,0,"CORPLOG",1.88379848
"479",4,529.6,13.19,14.14,"CORPLOG",1.3555007
"480",4,632.6,9.77134705,198.5,"LT-SEL",0.75945014
"481",0,906.1,8.28208542,276.6,"LT-SEL",1.21598887
"482",0,744.1,6.7866292,103,"LT-SEL",1.07497501
"483",8,685.7,2.85963798,134.5,"SETTLE",1.99108016
"484",4,1210,5.69019604,50,"VIRGIN",0.20312297
"485",1,1005,5.56774521,22.36,"VIRGIN",1.91777253
"486",0,1241,5.5607748,128.1,"VIRGIN",1.82115221
"487",7,791.5,4.28471518,241.9,"LT-SEL",1.36048603
"488",0,995,6.56507301,274.6,"VIRGIN",0.32515836
"489",3,1477,5.51860809,331.1,"VIRGIN",0.79642361
"490",0,1427,5.54032612,426.4,"VIRGIN",0.37540349
"491",0,955.4,5.62884617,360.1,"VIRGIN",1.98310697
"492",6,973.2,3.97703409,316.2,"VIRGIN",0.45462781
"493",8,977.9,5.31354618,167.6,"VIRGIN",0.72923952
"494",4,1108,6.91832304,76.16,"VIRGIN",0.17354466
"495",4,481.2,8.16351509,22.36,"SETTLE",1.78618538
"496",8,676.6,6.42327881,212.6,"SETTLE",1.26112568
"497",7,847.5,4.77587986,367.2,"SETTLE",0.1850194
"498",5,580,4.02295113,360.7,"SETTLE",0.27577066
"499",0,1715,5.8489151,247,"VIRGIN",0.23344201
"500",0,1804,4.42385101,460.7,"VIRGIN",1.9410969
"501",0,1850,5.88755512,333.8,"VIRGIN",0.11986513
"502",0,883.1,8.18467617,269.3,"LT-SEL",1.13615406
"503",0,1407,4.91603804,480.1,"VIRGIN",1.79745007
"504",0,1109,7.33210707,100,"VIRGIN",1.12347329
"505",7,632.6,9.77134705,198.5,"LT-SEL",0.75945014
"506",7,677.9,4.70957518,224.7,"LT-SEL",0.39938617
"507",7,733.4,4.9390192,78.1,"LT-SEL",0.98288167
"508",7,715.2,4.53027821,60,"LT-SEL",1.57890773
"509",7,557.9,5.89434814,297,"SETTLE",0.62093151
"510",6,621.9,4.79130411,266.3,"SETTLE",0.11922795
"511",5,766.6,4.24528503,42.43,"LT-SEL",0.28675392
"512",6,614,5.35290003,424.4,"LT-SEL",1.00221539
"513",6,670.5,6.5122571,460.1,"LT-SEL",0.34915021
"514",7,793.2,5.18762207,162.8,"LT-SEL",1.55040586
"515",0,668.3,7.41813707,31.62,"LT-SEL",0.7939592
"516",6,1413,4.718503,412.3,"CORPLOG",1.50297773
"517",0,1315,4.75582981,306.1,"LT-SEL",1.43192935
"518",0,1294,5.49039888,372.2,"LT-SEL",0.4339236
"519",7,1275,6.73495722,296.8,"CORPLOG",0.11418144
"520",7,1305,4.82515621,341.8,"CORPLOG",0.39671937
"521",0,1105,5.19077492,510.4,"LT-SEL",1.10464573
"522",0,1399,3.63013697,438.3,"LT-SEL",1.86813378
"523",6,1156,4.69150686,100.5,"VIRGIN",0.00010604
"524",0,1081,6.55826378,215.9,"VIRGIN",1.9995122
"525",7,1063,5.49046803,89.44,"VIRGIN",0.72943074
"526",7,1238,5.2819891,328,"VIRGIN",0.65099841
"527",0,1403,5.94139481,340.1,"VIRGIN",1.43238425
"528",0,1372,5.90134001,150,"LT-SEL",1.86600018
"529",0,1230,5.66076899,317.8,"VIRGIN",0.89682841
"530",6,570.9,5.6543622,111.8,"SETTLE",1.82397294
"531",7,499,4.78524113,0,"SETTLE",1.8333087
"532",3,520.8,6.274508,223.6,"SETTLE",0.48980144
"533",0,1365,10.23,28.28,"VIRGIN",0.41488063
"534",0,1273,3.21509695,250,"VIRGIN",1.99989402
"535",0,979,5.41178179,907,"LT-SEL",1.99852037
"536",5,665.4,8.30241776,44.72,"SETTLE",0.6085996
"537",6,568.5,5.75921822,264,"SETTLE",1.4202497
"538",3,414.5,8.38364029,36.06,"SETTLE",0.10731857
"539",0,976.4,6.67004299,160,"VIRGIN",1.76311767
"540",5,1128,5.87973595,333.8,"VIRGIN",1.14325047
"541",4,477.9,3.82446599,265.7,"SETTLE",1.75276554
"542",4,574.9,2.89556694,268.3,"SETTLE",1.22159362
"543",6,890.9,5.42150879,298.3,"LT-SEL",1.97838914
"544",7,551.3,7.76154518,362.4,"SETTLE",0.02025689
"545",6,522.3,9.15937614,30,"SETTLE",1.43459463
"546",0,1951,7.43629313,666.1,"VIRGIN",1.12568665
"547",0,1626,5.62136602,451,"VIRGIN",1.66357422
"548",7,527.5,4.61679792,80,"SETTLE",1.3587271
"549",0,894.7,3.61490393,28.28,"LT-SEL",1.99754107
"550",6,1134,4.89729977,323.9,"LT-SEL",0.01540122
"551",0,1301,5.46626997,10,"VIRGIN",1.96320593
"552",0,1230,10.02,10,"VIRGIN",0.66575801
"553",0,1206,7.18094301,230,"VIRGIN",1.19755244
"554",6,801.8,7.74257517,222,"SETTLE",0.09366257
"555",8,782.6,4.27367401,155.6,"SETTLE",0.3600322
"556",6,1043,4.03314877,72.11,"VIRGIN",1.72777379
"557",6,493.4,5.95525885,407.2,"SETTLE",0.06867023
"558",6,727.3,8.68338013,76.16,"CORPLOG",0.95189542
"559",5,794.6,5.66874599,222,"CORPLOG",1.4514854
"560",0,1061,6.52158022,604.2,"CORPLOG",0.44184226
"561",0,1045,6.129879,478.5,"CORPLOG",0.75084043
"562",6,1104,3.98498702,269.3,"CORPLOG",0.57578248
"563",8,1046,4.70227289,174.6,"CORPLOG",0.14972015
"564",7,691.9,6.03068018,308.1,"CORPLOG",0.02483205
"565",7,814.4,3.89545107,192.1,"CORPLOG",0.22671548
"566",7,809.6,3.45346689,446.4,"SETTLE",0.17216593
"567",0,1047,11.07,210.2,"VIRGIN",0.01584202
"568",0,1188,7.45824003,510.9,"VIRGIN",0.2431723
"569",6,1320,5.83536005,630.7,"VIRGIN",0.2998223
"570",7,1414,3.90263891,320.2,"VIRGIN",0.32873738
"571",0,1045,8.16911507,251.8,"VIRGIN",1.0815407
"572",6,841.6,4.51717281,60,"LT-SEL",0.04000407
"573",0,1523,5.66990805,161.2,"VIRGIN",1.9708811
"574",0,1580,5.97223902,392.2,"VIRGIN",0.20917098
"575",0,1696,4.45553923,114,"VIRGIN",0.5687567
"576",0,1783,3.75657892,430.1,"VIRGIN",1.97245967
"577",0,1992,4.07164717,440.1,"VIRGIN",1.61623299
"578",0,1259,5.86325979,698.4,"VIRGIN",0.54354924
"579",0,1096,5.71895218,511.6,"VIRGIN",1.98486638
"580",5,1467,6.62996101,268.7,"VIRGIN",0.97062325
"581",0,1617,4.46796894,191,"VIRGIN",0.43551803
"582",0,1842,6.81649017,460.1,"VIRGIN",0.39654818
"583",0,1621,5.23728991,455.4,"VIRGIN",0.1878792
"584",0,1762,3.93962407,286.4,"VIRGIN",1.9866997
"585",7,604,3.45305204,90,"SETTLE",0.8068856
"586",0,692.1,3.43232608,14.14,"LT-SEL",1.50063932
"587",7,599.6,3.46307993,111.8,"LT-SEL",1.34700453
"588",3,515,4.93370914,30,"LT-SEL",1.98772144
"589",6,792.3,6.17558098,20,"LT-SEL",0.2937884
"590",0,973.2,6.56284714,84.85,"LT-SEL",1.18057835
"591",6,614.1,4.04449987,236,"LT-SEL",1.99747658
"592",6,560.2,4.41181278,50,"LT-SEL",0.90332949
"593",0,542,4.44973183,70,"LT-SEL",1.84827554
"594",2,795.6,5.82482719,104.4,"LT-SEL",1.25738037
"595",6,1062,5.24064589,281.6,"VIRGIN",1.75214458
"596",0,1314,4.99051523,167.6,"LT-SEL",1.04184222
"597",2,1335,5.44803619,212.1,"LT-SEL",0.86076587
"598",7,659.7,4.57649088,164.9,"LT-SEL",0.12789017
"599",7,608.1,6.98964882,255.5,"LT-SEL",1.24618423
"600",6,627,5.04519796,362.4,"LT-SEL",1.63718069
"601",0,765.7,6.03690386,60,"LT-SEL",1.74244332
"602",7,729.9,4.44501495,22.36,"LT-SEL",1.93641543
"603",5,1082,5.05343485,320.2,"LT-SEL",0.00232392
"604",0,972.8,5.37193298,200.2,"LT-SEL",1.81775439
"605",7,695.1,6.07357121,320.6,"LT-SEL",1.72629118
"606",0,1210,4.30097008,70.71,"LT-SEL",1.67922711
"607",7,807.6,4.18507719,143.2,"VIRGIN",1.96028626
"608",0,889.3,6.29757309,63.25,"LT-SEL",1.37244511
"609",5,731.9,4.51683092,63.25,"LT-SEL",1.96872222
"610",6,623.5,5.32098293,44.72,"LT-SEL",0.59872043
"611",6,616,4.95518589,270.2,"SETTLE",0.02722782
"612",7,521.8,9.20715141,70,"SETTLE",0.05710812
"613",7,797.7,4.39382887,407.9,"LT-SEL",1.68599701
"614",0,854.3,7.90600777,391.2,"LT-SEL",1.22453189
"615",5,551.6,7.47668982,22.36,"LT-SEL",0.08853161
"616",0,1232,4.78230715,14.14,"VIRGIN",1.99323797
"617",0,1158,5.40403891,0,"CORPLOG",1.79734814
"618",3,1062,5.17587519,80,"CORPLOG",1.76299465
"619",6,1012,4.34807777,80.62,"CORPLOG",0.56770891
"620",8,1208,4.02961302,100.5,"CORPLOG",0.36784905
"621",6,1299,4.44883299,500.1,"CORPLOG",0.68495065
"622",6,1148,3.84065795,164.9,"CORPLOG",0.01796085
"623",4,1055,3.79208398,10,"CORPLOG",1.72663224
"624",8,1220,3.91575289,297.3,"CORPLOG",0.27651078
"625",6,1381,5.5416708,172,"CORPLOG",1.11150837
"626",4,1266,3.30599499,456.9,"CORPLOG",1.73231208
"627",8,1231,4.83758593,402.6,"CORPLOG",0.07080857
"628",6,1225,4.50417805,150,"CORPLOG",1.99563265
"629",7,1184,10.43,22.36,"CORPLOG",0.21658419
"630",6,592.6,5.35637188,31.62,"LT-SEL",0.31793281
"631",6,567.5,5.59590483,56.57,"LT-SEL",0.55508697
"632",6,669.3,9.71498203,378.5,"LT-SEL",1.50664282
"633",6,688.1,4.52183485,326.5,"LT-SEL",1.58126616
"634",6,611.7,10.24,197.2,"LT-SEL",0.00886668
"635",6,690.8,4.80152607,230,"LT-SEL",0.52077001
"636",6,650.8,3.88353205,386.4,"LT-SEL",1.94824541
"637",5,663.5,4.75779009,383.3,"LT-SEL",1.99991763
"638",6,673.2,5.40900183,520.1,"LT-SEL",1.75601733
"639",6,680.2,4.7884531,460,"LT-SEL",0.00010672
"640",6,676.8,3.841851,237.1,"LT-SEL",1.47897458
"641",6,760.6,5.57019711,255,"LT-SEL",0.94494045
"642",7,750.6,7.00905085,301.5,"LT-SEL",0.12922165
"643",6,659.7,7.15281677,10,"LT-SEL",1.83896255
"644",4,514.3,3.77509809,150,"LT-SEL",1.48247421
"645",6,446.6,4.69749117,50,"LT-SEL",1.50944912
"646",5,518.3,4.35624313,220,"LT-SEL",0.6318047
"647",1,413.1,6.75950623,10,"LT-SEL",1.86838758
"648",1,443.3,8.6936121,10,"LT-SEL",0.42805532
"649",0,1206,8.59319401,92.2,"VIRGIN",1.52297461
"650",0,1317,6.85952902,340.1,"LT-SEL",1.76574755
"651",0,1410,6.04432487,310.6,"LT-SEL",1.97233117
"652",2,1102,3.95086193,510,"VIRGIN",1.13933945
"653",3,1015,5.6513648,377,"LT-SEL",1.95271218
"654",6,835,12.85,20,"LT-SEL",1.24775505
"655",6,1206,5.73453093,270,"VIRGIN",1.9943167
"656",7,1160,5.17023802,406.1,"VIRGIN",0.41092247
"657",6,1043,5.71662712,484.1,"LT-SEL",0.01242091
"658",5,847,13.13,14.14,"LT-SEL",0.98592901
"659",7,1051,6.98951197,367.7,"VIRGIN",1.84160626
"660",6,871,4.15861702,111.8,"LT-SEL",1.62318277
"661",2,1338,5.37122917,353.8,"VIRGIN",1.99989367
"662",6,1176,5.66973686,250,"LT-SEL",1.13292134
"663",7,1020,7.13305187,668.5,"LT-SEL",0.76673138
"664",6,1067,5.37263489,377.4,"VIRGIN",0.86190045
"665",6,873.4,4.89006901,360.1,"LT-SEL",0.68368012
"666",5,791.4,5.20167923,158.1,"LT-SEL",1.53286242
"667",4,768.7,5.03861618,41.23,"LT-SEL",1.05862534
"668",6,802.1,6.39912319,30,"LT-SEL",1.6838007
"669",7,919.4,5.90393496,522,"LT-SEL",1.31757283
"670",2,922.1,8.26660347,398.1,"LT-SEL",1.91975427
"671",2,828.9,4.77252579,180.3,"VIRGIN",0.38256145
"672",6,885.6,5.9630332,247,"VIRGIN",0.1500562
"673",5,856.9,5.56587315,274.6,"VIRGIN",0.30356991
"674",5,879.5,5.9129591,325.3,"VIRGIN",1.99690104
"675",7,760.3,4.44317198,214.7,"LT-SEL",1.91494739
"676",7,824.4,4.93527794,268.3,"LT-SEL",1.99971688
"677",4,752.1,5.68210793,138.9,"LT-SEL",1.65333867
"678",2,824.8,5.79534483,276.6,"LT-SEL",1.82273567
"679",2,695.6,6.24271822,50,"LT-SEL",0.1771037
"680",6,732,5.14127302,114,"LT-SEL",0.21150754
"681",6,716.2,5.72402906,85.44,"LT-SEL",0.22148336
"682",0,921.1,10.64,36.06,"LT-SEL",1.30161154
"683",7,867.9,5.78856421,131.5,"LT-SEL",0.53635287
"684",5,973.9,3.94396496,319.1,"VIRGIN",1.76937187
"685",6,915.3,4.63796282,171.2,"LT-SEL",0.78173882
"686",7,1051,3.08675504,491.6,"LT-SEL",1.2250576
"687",6,1005,4.36587381,457.1,"LT-SEL",1.99468899
"688",6,1157,5.75363302,444.1,"LT-SEL",1.46871626
"689",6,1164,5.35513592,322,"LT-SEL",1.15807784
"690",6,1283,4.98792124,673.6,"VIRGIN",1.97966194
"691",6,877.2,4.17201519,76.16,"SETTLE",0.10079743
"692",0,1275,4.13609505,651.9,"LT-SEL",1.96844995
"693",0,1007,5.69545317,500,"LT-SEL",1.952703
"694",0,1400,5.42330694,200,"LT-SEL",1.80763781
"695",0,1278,4.83674717,10,"LT-SEL",1.65560842
"696",0,1399,7.9645772,86.02,"LT-SEL",1.46458435
"697",0,1476,5.97225285,241.7,"LT-SEL",1.46226454
"698",2,1333,4.32466793,353.8,"CORPLOG",1.47586834
"699",0,1285,4.06960106,359,"CORPLOG",0.24998972
"700",5,1340,3.746557,340.6,"LT-SEL",1.40069044
"701",3,1355,4.00562286,222,"CORPLOG",1.83770108
"702",2,1452,4.950315,537.6,"LT-SEL",1.95199656
"703",0,1437,6.04887581,639.8,"LT-SEL",1.99647951
"704",6,1354,4.79413795,800.1,"VIRGIN",1.7581048
"705",1,1482,4.48139,424.5,"LT-SEL",0.66062826
"706",0,1355,5.36137199,575.6,"VIRGIN",1.95467317
"707",0,1350,5.47129107,701.1,"VIRGIN",1.92324829
"708",2,661,4.78554678,14.14,"LT-SEL",1.99999857
"709",6,1208,4.45285082,323.1,"VIRGIN",0.69308567
"710",4,1194,5.44546223,262.5,"VIRGIN",1.3294394
"711",7,1268,4.28260088,376.6,"LT-SEL",0.94636959
"712",3,869.1,6.01650381,400.5,"CORPLOG",1.33280563
"713",7,746.2,3.34025192,141.4,"CORPLOG",0.56759202
"714",4,875.6,6.09805298,70,"CORPLOG",0.677715
"715",5,727.5,13.56,41.23,"CORPLOG",0.86472756
"716",0,1341,6.82645702,230.9,"CORPLOG",0.61220247
"717",6,1327,4.67902899,148.7,"CORPLOG",1.77732527
"718",5,1401,3.72033095,261.7,"CORPLOG",0.87426198
"719",8,1344,3.40493608,250.6,"CORPLOG",1.8655895
"720",5,1015,7.2793231,10,"CORPLOG",1.74708641
"721",0,1520,3.62438703,301.5,"CORPLOG",1.98223197
"722",0,1508,3.59711194,219.3,"CORPLOG",1.90634775
"723",7,1509,4.5936408,254.6,"CORPLOG",0.0418757
"724",7,1229,4.56738806,518.7,"CORPLOG",1.99998355
"725",6,1339,5.49803591,64.03,"CORPLOG",0.12537469
"726",3,1332,7.36016607,36.06,"CORPLOG",1.68321311
"727",1,830.7,6.80383396,243.5,"CORPLOG",1.59919667
"728",1,1215,7.06757402,330.2,"CORPLOG",0.8526659
"729",3,1307,6.19980478,117,"CORPLOG",1.88834548
"730",4,1242,3.91121697,299.7,"CORPLOG",0.02557052
"731",5,1213,4.18668318,335.4,"CORPLOG",1.99994481
"732",4,837.1,4.84279108,30,"CORPLOG",1.64344513
"733",6,866.8,4.58699608,223.6,"CORPLOG",1.96057272
"734",0,870.8,11.76,36.06,"CORPLOG",1.95062649
